id_alerta;tabela_ref;registro_id;tipo_alerta;descricao;severidade;criado_em
595;tb_fato_financeiro;4664;VARIATION_SPIKE;LUCRO_LIQUIDO BP: 212% entre 2025Q4 e 2026Q1;MEDIUM;2026-10-04 23:56:45
596;tb_fato_financeiro;4666;VARIATION_SPIKE;FCO BP: 62% entre 2025Q4 e 2026Q1;MEDIUM;2026-10-04 23:56:45
597;tb_fato_financeiro;4678;VARIATION_SPIKE;FCO BP: 280% entre 2026Q1 e 2026Q2;MEDIUM;2026-10-04 23:56:45
598;tb_fato_financeiro;4711;VARIATION_SPIKE;RECEITA_LIQUIDA CHEVRON: 46% entre 2026Q1 e 2026Q2;MEDIUM;2026-10-04 23:56:45
599;tb_fato_financeiro;4717;VARIATION_SPIKE;LUCRO_LIQUIDO CHEVRON: 248% entre 2026Q1 e 2026Q2;MEDIUM;2026-10-04 23:56:45
600;tb_fato_financeiro;4723;VARIATION_SPIKE;FCO CHEVRON: 52% entre 2026Q1 e 2026Q2;MEDIUM;2026-10-04 23:56:45
601;tb_fato_financeiro;4707;VARIATION_SPIKE;FCL CHEVRON: 77% entre 2025Q4 e 2026Q1;MEDIUM;2026-10-04 23:56:45
602;tb_fato_financeiro;4729;VARIATION_SPIKE;FCL CHEVRON: 1334% entre 2026Q1 e 2026Q2;MEDIUM;2026-10-04 23:56:45
603;tb_fato_financeiro;4733;VARIATION_SPIKE;FCO EXXONMOBIL: 154% entre 2025Q4 e 2026Q2;MEDIUM;2026-10-04 23:56:45
604;tb_fato_financeiro;4764;VARIATION_SPIKE;RECEITA_LIQUIDA PETROBRAS: 43% entre 2026Q1 e 2026Q2;MEDIUM;2026-10-04 23:56:45
605;tb_fato_financeiro;4766;VARIATION_SPIKE;LUCRO_BRUTO PETROBRAS: 72% entre 2026Q1 e 2026Q2;MEDIUM;2026-10-04 23:56:45
606;tb_fato_financeiro;4768;VARIATION_SPIKE;DESPESA_OPERACIONAL PETROBRAS: 50% entre 2026Q1 e 2026Q2;MEDIUM;2026-10-04 23:56:45
607;tb_fato_financeiro;4750;VARIATION_SPIKE;LUCRO_LIQUIDO PETROBRAS: 114% entre 2025Q4 e 2026Q1;MEDIUM;2026-10-04 23:56:45
608;tb_fato_financeiro;4770;VARIATION_SPIKE;LUCRO_LIQUIDO PETROBRAS: 68% entre 2026Q1 e 2026Q2;MEDIUM;2026-10-04 23:56:45
609;tb_fato_financeiro;4772;VARIATION_SPIKE;FCO PETROBRAS: 46% entre 2026Q1 e 2026Q2;MEDIUM;2026-10-04 23:56:45
610;tb_fato_financeiro;4774;VARIATION_SPIKE;FCL PETROBRAS: 99% entre 2026Q1 e 2026Q2;MEDIUM;2026-10-04 23:56:45
611;tb_fato_financeiro;4776;VARIATION_SPIKE;EBITDA_AJUSTADO PETROBRAS: 64% entre 2026Q1 e 2026Q2;MEDIUM;2026-10-04 23:56:45
612;tb_fato_financeiro;4762;VARIATION_SPIKE;CAPEX PETROBRAS: 100% entre 2025Q4 e 2026Q1;MEDIUM;2026-10-04 23:56:45
613;tb_fato_financeiro;4816;VARIATION_SPIKE;LUCRO_LIQUIDO SHELL: 90% entre 2026Q1 e 2026Q2;MEDIUM;2026-10-04 23:56:45
614;tb_fato_financeiro;4819;VARIATION_SPIKE;FCO SHELL: 254% entre 2026Q1 e 2026Q2;MEDIUM;2026-10-04 23:56:45
615;tb_fato_financeiro;4828;VARIATION_SPIKE;FCL SHELL: 499% entre 2026Q1 e 2026Q2;MEDIUM;2026-10-04 23:56:45
616;tb_fato_financeiro;4839;VARIATION_SPIKE;LUCRO_LIQUIDO TOTALENERGIES: 86% entre 2025Q4 e 2026Q1;MEDIUM;2026-10-04 23:56:45
617;tb_fato_financeiro;4843;VARIATION_SPIKE;CAPEX TOTALENERGIES: 83% entre 2025Q4 e 2026Q1;MEDIUM;2026-10-04 23:56:45
618;tb_fato_financeiro;4845;VARIATION_SPIKE;FCO TOTALENERGIES: 68% entre 2025Q4 e 2026Q1;MEDIUM;2026-10-04 23:56:45
619;tb_fato_financeiro;4861;VARIATION_SPIKE;FCO TOTALENERGIES: 223% entre 2026Q1 e 2026Q2;MEDIUM;2026-10-04 23:56:45
620;tb_fato_financeiro;4873;VARIATION_SPIKE;LUCRO_LIQUIDO EQUINOR: 136% entre 2025Q4 e 2026Q1;MEDIUM;2026-10-04 23:56:45
621;tb_fato_financeiro;4881;VARIATION_SPIKE;LUCRO_LIQUIDO EQUINOR: 56% entre 2026Q1 e 2026Q2;MEDIUM;2026-10-04 23:56:45
622;tb_fato_financeiro;4875;VARIATION_SPIKE;FCO EQUINOR: 147% entre 2025Q4 e 2026Q1;MEDIUM;2026-10-04 23:56:46
623;tb_fato_financeiro;4883;VARIATION_SPIKE;FCO EQUINOR: 82% entre 2026Q1 e 2026Q2;MEDIUM;2026-10-04 23:56:46
624;tb_fato_financeiro;4889;VARIATION_SPIKE;FCL EXXONMOBIL: 207% entre 2025Q4 e 2026Q2;MEDIUM;2026-10-04 23:56:46
625;tb_fato_financeiro;0;DIVERGENCIA_FONTE;LUCRO_LIQUIDO CHEVRON 2026Q1: RI=3.51 x SEC=2.21 (37%);MEDIUM;2026-10-04 23:56:55
626;tb_fato_financeiro;0;DIVERGENCIA_FONTE;FCO CHEVRON 2026Q2: RI=45.32 x SEC=25.15 (45%);MEDIUM;2026-10-04 23:56:55
627;tb_fato_financeiro;0;DIVERGENCIA_FONTE;FCO CHEVRON 2026Q1: RI=29.85 x SEC=2.51 (92%);MEDIUM;2026-10-04 23:56:55
628;tb_fato_financeiro;4658;VARIATION_SPIKE;LUCRO_LIQUIDO BP: 2553% entre 2024Q2 e 2025Q4;MEDIUM;2026-10-05 00:00:50
629;tb_fato_financeiro;4694;VARIATION_SPIKE;FCL CHEVRON: 137% entre 2024Q2 e 2025Q4;MEDIUM;2026-10-05 00:00:50
630;tb_fato_financeiro;4732;VARIATION_SPIKE;LUCRO_LIQUIDO EXXONMOBIL: 247% entre 2026Q1 e 2026Q2;MEDIUM;2026-10-05 00:00:50
631;tb_fato_financeiro;4733;VARIATION_SPIKE;FCO EXXONMOBIL: 271% entre 2026Q1 e 2026Q2;MEDIUM;2026-10-05 00:00:50
632;tb_fato_financeiro;4789;VARIATION_SPIKE;FCL SHELL: 58% entre 2024Q2 e 2025Q4;MEDIUM;2026-10-05 00:00:50
633;tb_fato_financeiro;0;DIVERGENCIA_FONTE;LUCRO_LIQUIDO BP 2024Q2: RI=-0.13 x SEC=0.07 (154%);MEDIUM;2026-10-05 01:29:25
634;tb_fato_financeiro;0;DIVERGENCIA_FONTE;FCO CHEVRON 2024Q2: RI=35.23 x SEC=13.12 (63%);MEDIUM;2026-10-05 01:29:27
