id_operacional;id_fonte;nome_empresa;ano;trimestre;periodo;indicador;unidade_medida;valor
932;1992;BP;2025;4;2025Q4;PRODUCAO_BOED;kboed;2343.758
934;1992;BP;2026;1;2026Q1;PRODUCAO_BOED;kboed;2338.826
937;1992;BP;2026;2;2026Q2;PRODUCAO_BOED;kboed;2200.8145
938;2080;SHELL;2025;4;2025Q4;PRODUCAO_BOED;kboed;1892.0
939;2080;SHELL;2025;4;2025Q4;FUT_REFINO;USD bi;95.0
941;2086;SHELL;2026;1;2026Q1;PRODUCAO_BOED;kboed;1843.0
943;2086;SHELL;2026;1;2026Q1;FUT_REFINO;USD bi;99.0
946;2086;SHELL;2026;2;2026Q2;PRODUCAO_BOED;kboed;1824.0
949;2086;SHELL;2026;2;2026Q2;FUT_REFINO;USD bi;102.0
950;2104;TOTALENERGIES;2026;1;2026Q1;PRODUCAO_BOED;kboed;2552.9948
951;2098;TOTALENERGIES;2025;4;2025Q4;PRODUCAO_BOED;kboed;2545.2326
952;2104;TOTALENERGIES;2026;2;2026Q2;PRODUCAO_BOED;kboed;2394.6573
954;2068;PETROBRAS;2026;1;2026Q1;PRODUCAO_BOED;kboed;3197.0
955;2060;PETROBRAS;2025;4;2025Q4;PRODUCAO_BOED;kboed;3081.0
956;2068;PETROBRAS;2026;2;2026Q2;PRODUCAO_BOED;kboed;3308.0
968;2108;PETROBRAS;2024;0;2024A;EFETIVO_TOTAL;pessoas;49000.0
969;2109;SHELL;2024;0;2024A;EFETIVO_TOTAL;pessoas;96000.0
970;2110;BP;2024;0;2024A;EFETIVO_TOTAL;pessoas;100500.0
971;2111;CHEVRON;2024;0;2024A;EFETIVO_TOTAL;pessoas;45298.0
972;2112;CHEVRON;2025;0;2025A;EFETIVO_TOTAL;pessoas;43039.0
973;2113;EXXONMOBIL;2024;0;2024A;EFETIVO_TOTAL;pessoas;61000.0
974;2114;TOTALENERGIES;2024;0;2024A;EFETIVO_TOTAL;pessoas;102887.0
975;2114;TOTALENERGIES;2025;0;2025A;EFETIVO_TOTAL;pessoas;101513.0
976;2115;EQUINOR;2024;0;2024A;EFETIVO_TOTAL;pessoas;25000.0
977;1992;BP;2025;4;2025Q4;MARGEM_LIQUIDA;%;-7.22
978;1992;BP;2026;1;2026Q1;MARGEM_LIQUIDA;%;7.35
979;1992;BP;2026;2;2026Q2;MARGEM_LIQUIDA;%;5.66
980;2010;CHEVRON;2025;4;2025Q4;MARGEM_LIQUIDA;%;6.21
981;2010;CHEVRON;2026;1;2026Q1;MARGEM_LIQUIDA;%;7.62
982;2010;CHEVRON;2026;2;2026Q2;MARGEM_LIQUIDA;%;18.18
983;2045;EXXONMOBIL;2026;2;2026Q2;MARGEM_LIQUIDA;%;12.68
984;2059;PETROBRAS;2025;4;2025Q4;MARGEM_EBITDA;%;47.05
985;2059;PETROBRAS;2025;4;2025Q4;MARGEM_LIQUIDA;%;12.28
986;2059;PETROBRAS;2025;4;2025Q4;DIVIDA_LIQUIDA_EBITDA;x;5.46
987;2067;PETROBRAS;2026;1;2026Q1;MARGEM_EBITDA;%;48.22
988;2067;PETROBRAS;2026;1;2026Q1;MARGEM_LIQUIDA;%;26.34
989;2067;PETROBRAS;2026;1;2026Q1;DIVIDA_LIQUIDA_EBITDA;x;5.47
990;2067;PETROBRAS;2026;2;2026Q2;MARGEM_EBITDA;%;55.39
991;2067;PETROBRAS;2026;2;2026Q2;MARGEM_LIQUIDA;%;31.03
992;2067;PETROBRAS;2026;2;2026Q2;DIVIDA_LIQUIDA_EBITDA;x;3.24
993;2085;SHELL;2025;4;2025Q4;MARGEM_EBITDA;%;19.97
994;2085;SHELL;2025;4;2025Q4;MARGEM_LIQUIDA;%;6.45
995;2085;SHELL;2025;4;2025Q4;DIVIDA_LIQUIDA_EBITDA;x;3.57
996;2085;SHELL;2026;1;2026Q1;MARGEM_EBITDA;%;25.46
997;2085;SHELL;2026;1;2026Q1;MARGEM_LIQUIDA;%;8.17
998;2085;SHELL;2026;1;2026Q1;DIVIDA_LIQUIDA_EBITDA;x;2.97
999;2085;SHELL;2026;2;2026Q2;MARGEM_EBITDA;%;21.88
1000;2085;SHELL;2026;2;2026Q2;MARGEM_LIQUIDA;%;11.43
1001;2085;SHELL;2026;2;2026Q2;DIVIDA_LIQUIDA_EBITDA;x;2.02
1002;2098;TOTALENERGIES;2025;4;2025Q4;MARGEM_EBITDA;%;21.92
1003;2098;TOTALENERGIES;2025;4;2025Q4;MARGEM_LIQUIDA;%;6.33
1004;2098;TOTALENERGIES;2025;4;2025Q4;DIVIDA_LIQUIDA_EBITDA;x;2.01
1005;2104;TOTALENERGIES;2026;1;2026Q1;MARGEM_EBITDA;%;25.35
1006;2104;TOTALENERGIES;2026;1;2026Q1;MARGEM_LIQUIDA;%;10.89
1007;2104;TOTALENERGIES;2026;1;2026Q1;DIVIDA_LIQUIDA_EBITDA;x;1.84
1008;2104;TOTALENERGIES;2026;2;2026Q2;MARGEM_EBITDA;%;22.99
1009;2104;TOTALENERGIES;2026;2;2026Q2;MARGEM_LIQUIDA;%;9.48
1010;2104;TOTALENERGIES;2026;2;2026Q2;DIVIDA_LIQUIDA_EBITDA;x;1.5
1011;2019;EQUINOR;2025;4;2025Q4;MARGEM_LIQUIDA;%;5.18
1012;2022;EQUINOR;2026;1;2026Q1;MARGEM_LIQUIDA;%;11.15
1013;2022;EQUINOR;2026;2;2026Q2;MARGEM_LIQUIDA;%;13.75
1014;2769;CHEVRON;2026;4;2026Q4;COTACAO;USD;206.48
1015;2769;CHEVRON;2026;4;2026Q4;P_L;x;17.71
1016;2769;CHEVRON;2026;4;2026Q4;DIVIDEND_YIELD;%;3.41
1017;2770;EQUINOR;2026;4;2026Q4;COTACAO;USD;42.39
1018;2770;EQUINOR;2026;4;2026Q4;P_L;x;11.38
1019;2770;EQUINOR;2026;4;2026Q4;DIVIDEND_YIELD;%;2.95
1020;2771;EXXONMOBIL;2026;4;2026Q4;COTACAO;USD;163.79
1021;2771;EXXONMOBIL;2026;4;2026Q4;P_L;x;20.87
1022;2771;EXXONMOBIL;2026;4;2026Q4;DIVIDEND_YIELD;%;2.52
1023;2772;PETROBRAS;2026;4;2026Q4;COTACAO;USD;21.14
1024;2772;PETROBRAS;2026;4;2026Q4;P_L;x;5.18
1025;2772;PETROBRAS;2026;4;2026Q4;DIVIDEND_YIELD;%;4.12
1026;2773;BP;2026;4;2026Q4;COTACAO;USD;44.61
1027;2773;BP;2026;4;2026Q4;P_L;x;9.01
1028;2773;BP;2026;4;2026Q4;DIVIDEND_YIELD;%;4.48
1029;2774;TOTALENERGIES;2026;4;2026Q4;COTACAO;USD;84.5
1030;2774;TOTALENERGIES;2026;4;2026Q4;P_L;x;6.86
1031;2774;TOTALENERGIES;2026;4;2026Q4;DIVIDEND_YIELD;%;4.78
1032;2775;SHELL;2026;4;2026Q4;COTACAO;USD;95.74
1033;2775;SHELL;2026;4;2026Q4;P_L;x;10.3
1034;2775;SHELL;2026;4;2026Q4;DIVIDEND_YIELD;%;3.16
1035;1992;BP;2024;2;2024Q2;PRODUCAO_BOED;kboed;2379.4507
1044;2085;SHELL;2024;2;2024Q2;PRODUCAO_BOED;kboed;980.0
1046;2085;SHELL;2024;2;2024Q2;FUT_REFINO;USD bi;92.2
1117;2120;EXXONMOBIL;2026;1;2026Q1;MARGEM_LIQUIDA;%;4.91
1118;1992;BP;2024;2;2024Q2;MARGEM_LIQUIDA;%;-0.27
1119;2010;CHEVRON;2024;2;2024Q2;MARGEM_LIQUIDA;%;8.96
1120;2085;SHELL;2024;2;2024Q2;MARGEM_EBITDA;%;22.57
1121;2085;SHELL;2024;2;2024Q2;MARGEM_LIQUIDA;%;4.72
1122;2085;SHELL;2024;2;2024Q2;DIVIDA_LIQUIDA_EBITDA;x;2.28
1166;2116;PETROBRAS;2023;2;2023Q2;MARGEM_LIQUIDA;%;25.5
1167;2116;PETROBRAS;2024;2;2024Q2;MARGEM_LIQUIDA;%;-1.38
1168;2116;PETROBRAS;2025;2;2025Q2;MARGEM_LIQUIDA;%;22.61
1169;2117;SHELL;2023;2;2023Q2;MARGEM_LIQUIDA;%;4.23
1170;2117;SHELL;2023;1;2023Q1;MARGEM_LIQUIDA;%;10.09
1171;2117;SHELL;2024;1;2024Q1;MARGEM_LIQUIDA;%;10.26
1172;2117;SHELL;2025;2;2025Q2;MARGEM_LIQUIDA;%;5.57
1173;2117;SHELL;2025;1;2025Q1;MARGEM_LIQUIDA;%;7.04
1174;2118;BP;2023;2;2023Q2;MARGEM_LIQUIDA;%;3.95
1175;2118;BP;2025;2;2025Q2;MARGEM_LIQUIDA;%;4.05
1176;2119;CHEVRON;2023;2;2023Q2;MARGEM_LIQUIDA;%;12.29
1177;2119;CHEVRON;2023;3;2023Q3;MARGEM_LIQUIDA;%;12.07
1178;2119;CHEVRON;2023;1;2023Q1;MARGEM_LIQUIDA;%;12.94
1179;2119;CHEVRON;2024;3;2024Q3;MARGEM_LIQUIDA;%;8.86
1180;2119;CHEVRON;2024;1;2024Q1;MARGEM_LIQUIDA;%;11.29
1181;2119;CHEVRON;2025;2;2025Q2;MARGEM_LIQUIDA;%;5.56
1182;2119;CHEVRON;2025;3;2025Q3;MARGEM_LIQUIDA;%;7.12
1183;2119;CHEVRON;2025;1;2025Q1;MARGEM_LIQUIDA;%;7.35
1184;2120;EXXONMOBIL;2023;2;2023Q2;MARGEM_LIQUIDA;%;9.5
1185;2120;EXXONMOBIL;2023;3;2023Q3;MARGEM_LIQUIDA;%;9.99
1186;2120;EXXONMOBIL;2023;1;2023Q1;MARGEM_LIQUIDA;%;13.2
1187;2120;EXXONMOBIL;2024;2;2024Q2;MARGEM_LIQUIDA;%;9.93
1188;2120;EXXONMOBIL;2024;3;2024Q3;MARGEM_LIQUIDA;%;9.56
1189;2120;EXXONMOBIL;2024;1;2024Q1;MARGEM_LIQUIDA;%;9.89
1190;2120;EXXONMOBIL;2025;2;2025Q2;MARGEM_LIQUIDA;%;8.69
1191;2120;EXXONMOBIL;2025;3;2025Q3;MARGEM_LIQUIDA;%;8.85
1192;2120;EXXONMOBIL;2025;1;2025Q1;MARGEM_LIQUIDA;%;9.28
1193;2122;EQUINOR;2024;3;2024Q3;MARGEM_LIQUIDA;%;8.98
1194;2122;EQUINOR;2025;2;2025Q2;MARGEM_LIQUIDA;%;5.24
1195;2122;EQUINOR;2025;3;2025Q3;MARGEM_LIQUIDA;%;-0.78
