id_fato;id_fonte;nome_empresa;moeda;ano;trimestre;periodo;rubrica_padronizada;valor;confianca;data_atualizacao
4658;1992;BP;USD;2025;4;2025Q4;LUCRO_LIQUIDO;-3.422;0.85;2026-10-04 23:59:06
4659;1992;BP;USD;2025;4;2025Q4;FCO;7.602;0.85;2026-10-04 23:59:06
4660;1992;BP;USD;2025;4;2025Q4;CAPEX;4.168;0.85;2026-10-04 23:59:07
4661;1992;BP;USD;2025;4;2025Q4;DIVIDA_LIQUIDA;22.182;0.85;2026-10-04 23:59:07
4662;1992;BP;USD;2025;4;2025Q4;RECEITA_LIQUIDA;47.383;0.85;2026-10-04 23:59:07
4664;1992;BP;USD;2026;1;2026Q1;LUCRO_LIQUIDO;3.842;0.85;2026-10-04 23:59:06
4666;1992;BP;USD;2026;1;2026Q1;FCO;2.86;0.85;2026-10-04 23:59:06
4668;1992;BP;USD;2026;1;2026Q1;CAPEX;3.29;0.85;2026-10-04 23:59:07
4670;1992;BP;USD;2026;1;2026Q1;DIVIDA_LIQUIDA;25.309;0.85;2026-10-04 23:59:07
4672;1992;BP;USD;2026;1;2026Q1;RECEITA_LIQUIDA;52.255;0.85;2026-10-04 23:59:07
4675;1992;BP;USD;2026;2;2026Q2;LUCRO_LIQUIDO;3.911;0.85;2026-10-04 23:59:06
4678;1992;BP;USD;2026;2;2026Q2;FCO;10.858;0.85;2026-10-04 23:59:06
4681;1992;BP;USD;2026;2;2026Q2;CAPEX;3.086;0.85;2026-10-04 23:59:07
4684;1992;BP;USD;2026;2;2026Q2;DIVIDA_LIQUIDA;22.251;0.85;2026-10-04 23:59:07
4687;1992;BP;USD;2026;2;2026Q2;RECEITA_LIQUIDA;69.105;0.85;2026-10-04 23:59:07
4688;2010;CHEVRON;USD;2025;4;2025Q4;RECEITA_LIQUIDA;45.787;0.85;2026-10-04 23:59:10
4689;2010;CHEVRON;USD;2025;4;2025Q4;DESPESA_OPERACIONAL;-7.389;0.85;2026-10-04 23:59:10
4690;2010;CHEVRON;USD;2025;4;2025Q4;LUCRO_LIQUIDO;2.845;0.85;2026-10-04 23:59:10
4691;2010;CHEVRON;USD;2025;4;2025Q4;DIVIDA_BRUTA;227.208;0.85;2026-10-04 23:59:10
4692;2010;CHEVRON;USD;2025;4;2025Q4;FCO;33.939;0.85;2026-10-04 23:59:10
4693;2010;CHEVRON;USD;2025;4;2025Q4;CAPEX;5.264;0.85;2026-10-04 23:59:11
4694;2010;CHEVRON;USD;2025;4;2025Q4;FCL;5.525;0.85;2026-10-04 23:59:11
4695;2010;CHEVRON;USD;2026;1;2026Q1;RECEITA_LIQUIDA;46.101;0.85;2026-10-04 23:59:10
4697;2010;CHEVRON;USD;2026;1;2026Q1;DESPESA_OPERACIONAL;-6.408;0.85;2026-10-04 23:59:10
4699;2010;CHEVRON;USD;2026;1;2026Q1;LUCRO_LIQUIDO;3.512;0.85;2026-10-04 23:59:10
4701;2010;CHEVRON;USD;2026;1;2026Q1;DIVIDA_BRUTA;178.925;0.85;2026-10-04 23:59:10
4703;2010;CHEVRON;USD;2026;1;2026Q1;FCO;29.853;0.85;2026-10-04 23:59:10
4705;2010;CHEVRON;USD;2026;1;2026Q1;CAPEX;3.927;0.85;2026-10-04 23:59:11
4707;2010;CHEVRON;USD;2026;1;2026Q1;FCL;1.262;0.85;2026-10-04 23:59:11
4711;2010;CHEVRON;USD;2026;2;2026Q2;RECEITA_LIQUIDA;67.199;0.85;2026-10-04 23:59:10
4714;2010;CHEVRON;USD;2026;2;2026Q2;DESPESA_OPERACIONAL;-7.451;0.85;2026-10-04 23:59:10
4717;2010;CHEVRON;USD;2026;2;2026Q2;LUCRO_LIQUIDO;12.214;0.85;2026-10-04 23:59:10
4720;2010;CHEVRON;USD;2026;2;2026Q2;DIVIDA_BRUTA;226.958;0.85;2026-10-04 23:59:10
4723;2010;CHEVRON;USD;2026;2;2026Q2;FCO;45.321;0.85;2026-10-04 23:59:11
4726;2010;CHEVRON;USD;2026;2;2026Q2;CAPEX;4.538;0.85;2026-10-04 23:59:11
4729;2010;CHEVRON;USD;2026;2;2026Q2;FCL;18.095;0.85;2026-10-04 23:59:11
4730;2045;EXXONMOBIL;USD;2026;2;2026Q2;RECEITA_LIQUIDA;114.529;0.75;2026-10-04 23:59:29
4731;2045;EXXONMOBIL;USD;2026;2;2026Q2;DESPESA_OPERACIONAL;-2.483;0.75;2026-10-04 23:59:29
4732;2045;EXXONMOBIL;USD;2026;2;2026Q2;LUCRO_LIQUIDO;14.525;0.75;2026-10-04 23:59:29
4733;2045;EXXONMOBIL;USD;2026;2;2026Q2;FCO;32.26;0.75;2026-10-04 23:59:29
4734;2059;PETROBRAS;USD;2025;4;2025Q4;RECEITA_LIQUIDA;23.608;0.95;2026-10-04 23:59:30
4735;2059;PETROBRAS;USD;2025;4;2025Q4;LUCRO_BRUTO;10.842;0.95;2026-10-04 23:59:30
4736;2059;PETROBRAS;USD;2025;4;2025Q4;DESPESA_OPERACIONAL;-5.33;0.95;2026-10-04 23:59:30
4737;2059;PETROBRAS;USD;2025;4;2025Q4;LUCRO_LIQUIDO;2.899;0.95;2026-10-04 23:59:30
4738;2059;PETROBRAS;USD;2025;4;2025Q4;FCO;10.162;0.95;2026-10-04 23:59:30
4739;2059;PETROBRAS;USD;2025;4;2025Q4;FCL;3.58;0.95;2026-10-04 23:59:30
4740;2059;PETROBRAS;USD;2025;4;2025Q4;EBITDA_AJUSTADO;11.107;0.95;2026-10-04 23:59:30
4741;2059;PETROBRAS;USD;2025;4;2025Q4;DIVIDA_BRUTA;69.793;0.95;2026-10-04 23:59:30
4742;2059;PETROBRAS;USD;2025;4;2025Q4;DIVIDA_LIQUIDA;60.593;0.95;2026-10-04 23:59:30
4743;2059;PETROBRAS;USD;2025;4;2025Q4;CAPEX;6.288;0.85;2026-10-04 23:59:31
4744;2067;PETROBRAS;USD;2026;1;2026Q1;RECEITA_LIQUIDA;23.535;0.95;2026-10-04 23:59:31
4746;2067;PETROBRAS;USD;2026;1;2026Q1;LUCRO_BRUTO;11.34;0.95;2026-10-04 23:59:31
4748;2067;PETROBRAS;USD;2026;1;2026Q1;DESPESA_OPERACIONAL;-3.492;0.95;2026-10-04 23:59:31
4750;2067;PETROBRAS;USD;2026;1;2026Q1;LUCRO_LIQUIDO;6.199;0.95;2026-10-04 23:59:31
4752;2067;PETROBRAS;USD;2026;1;2026Q1;FCO;8.399;0.95;2026-10-04 23:59:31
4754;2067;PETROBRAS;USD;2026;1;2026Q1;FCL;3.855;0.95;2026-10-04 23:59:31
4756;2067;PETROBRAS;USD;2026;1;2026Q1;EBITDA_AJUSTADO;11.349;0.95;2026-10-04 23:59:31
4758;2067;PETROBRAS;USD;2026;1;2026Q1;DIVIDA_BRUTA;71.214;0.95;2026-10-04 23:59:31
4760;2067;PETROBRAS;USD;2026;1;2026Q1;DIVIDA_LIQUIDA;62.093;0.95;2026-10-04 23:59:31
4762;2067;PETROBRAS;USD;2026;1;2026Q1;CAPEX;0.0051;0.85;2026-10-04 23:59:32
4764;2067;PETROBRAS;USD;2026;2;2026Q2;RECEITA_LIQUIDA;33.607;0.95;2026-10-04 23:59:31
4766;2067;PETROBRAS;USD;2026;2;2026Q2;LUCRO_BRUTO;19.493;0.95;2026-10-04 23:59:31
4768;2067;PETROBRAS;USD;2026;2;2026Q2;DESPESA_OPERACIONAL;-5.24;0.95;2026-10-04 23:59:31
4770;2067;PETROBRAS;USD;2026;2;2026Q2;LUCRO_LIQUIDO;10.428;0.95;2026-10-04 23:59:31
4772;2067;PETROBRAS;USD;2026;2;2026Q2;FCO;12.25;0.95;2026-10-04 23:59:31
4774;2067;PETROBRAS;USD;2026;2;2026Q2;FCL;7.659;0.95;2026-10-04 23:59:31
4776;2067;PETROBRAS;USD;2026;2;2026Q2;EBITDA_AJUSTADO;18.615;0.95;2026-10-04 23:59:31
4778;2067;PETROBRAS;USD;2026;2;2026Q2;DIVIDA_BRUTA;70.806;0.95;2026-10-04 23:59:31
4780;2067;PETROBRAS;USD;2026;2;2026Q2;DIVIDA_LIQUIDA;60.388;0.95;2026-10-04 23:59:31
4782;2067;PETROBRAS;USD;2026;2;2026Q2;CAPEX;0.0053;0.85;2026-10-04 23:59:32
4784;2085;SHELL;USD;2025;4;2025Q4;RECEITA_LIQUIDA;64.093;0.85;2026-10-04 23:59:40
4785;2085;SHELL;USD;2025;4;2025Q4;LUCRO_LIQUIDO;4.134;0.85;2026-10-04 23:59:40
4786;2085;SHELL;USD;2025;4;2025Q4;FCO;9.438;0.85;2026-10-04 23:59:40
4787;2085;SHELL;USD;2025;4;2025Q4;CAPEX;5.25;0.85;2026-10-04 23:59:40
4788;2085;SHELL;USD;2025;4;2025Q4;EBITDA_AJUSTADO;12.799;0.85;2026-10-04 23:59:40
4789;2085;SHELL;USD;2025;4;2025Q4;FCL;4.249;0.85;2026-10-04 23:59:40
4790;2085;SHELL;USD;2025;4;2025Q4;DESPESA_OPERACIONAL;-9.559;0.85;2026-10-04 23:59:40
4791;2085;SHELL;USD;2025;4;2025Q4;DIVIDA_BRUTA;75.643;0.85;2026-10-04 23:59:40
4792;2085;SHELL;USD;2025;4;2025Q4;DIVIDA_LIQUIDA;45.687;0.85;2026-10-04 23:59:41
4794;2085;SHELL;USD;2026;1;2026Q1;RECEITA_LIQUIDA;69.691;0.85;2026-10-04 23:59:40
4796;2085;SHELL;USD;2026;1;2026Q1;LUCRO_LIQUIDO;5.694;0.85;2026-10-04 23:59:40
4798;2085;SHELL;USD;2026;1;2026Q1;FCO;6.062;0.85;2026-10-04 23:59:40
4800;2085;SHELL;USD;2026;1;2026Q1;CAPEX;3.757;0.85;2026-10-04 23:59:40
4802;2085;SHELL;USD;2026;1;2026Q1;EBITDA_AJUSTADO;17.741;0.85;2026-10-04 23:59:40
4804;2085;SHELL;USD;2026;1;2026Q1;FCL;2.927;0.85;2026-10-04 23:59:40
4806;2085;SHELL;USD;2026;1;2026Q1;DESPESA_OPERACIONAL;-8.716;0.85;2026-10-04 23:59:40
4808;2085;SHELL;USD;2026;1;2026Q1;DIVIDA_BRUTA;75.645;0.85;2026-10-04 23:59:41
4810;2085;SHELL;USD;2026;1;2026Q1;DIVIDA_LIQUIDA;52.606;0.85;2026-10-04 23:59:41
4813;2085;SHELL;USD;2026;2;2026Q2;RECEITA_LIQUIDA;94.664;0.85;2026-10-04 23:59:40
4816;2085;SHELL;USD;2026;2;2026Q2;LUCRO_LIQUIDO;10.821;0.85;2026-10-04 23:59:40
4819;2085;SHELL;USD;2026;2;2026Q2;FCO;21.432;0.85;2026-10-04 23:59:40
4822;2085;SHELL;USD;2026;2;2026Q2;CAPEX;4.031;0.85;2026-10-04 23:59:40
4825;2085;SHELL;USD;2026;2;2026Q2;EBITDA_AJUSTADO;20.71;0.85;2026-10-04 23:59:40
4828;2085;SHELL;USD;2026;2;2026Q2;FCL;17.524;0.85;2026-10-04 23:59:40
4831;2085;SHELL;USD;2026;2;2026Q2;DESPESA_OPERACIONAL;-8.664;0.85;2026-10-04 23:59:40
4834;2085;SHELL;USD;2026;2;2026Q2;DIVIDA_BRUTA;73.076;0.85;2026-10-04 23:59:41
4837;2085;SHELL;USD;2026;2;2026Q2;DIVIDA_LIQUIDA;41.754;0.85;2026-10-04 23:59:41
4838;2098;TOTALENERGIES;USD;2025;4;2025Q4;DIVIDA_LIQUIDA;20.2154;0.85;2026-10-04 23:59:43
4839;2104;TOTALENERGIES;USD;2026;1;2026Q1;LUCRO_LIQUIDO;5.394;0.85;2026-10-04 23:59:44
4840;2098;TOTALENERGIES;USD;2025;4;2025Q4;LUCRO_LIQUIDO;2.906;0.85;2026-10-04 23:59:43
4841;2104;TOTALENERGIES;USD;2026;1;2026Q1;EBITDA_AJUSTADO;12.552;0.85;2026-10-04 23:59:44
4842;2098;TOTALENERGIES;USD;2025;4;2025Q4;EBITDA_AJUSTADO;10.066;0.85;2026-10-04 23:59:43
4843;2104;TOTALENERGIES;USD;2026;1;2026Q1;CAPEX;4.478;0.85;2026-10-04 23:59:44
4844;2098;TOTALENERGIES;USD;2025;4;2025Q4;CAPEX;2.446;0.85;2026-10-04 23:59:43
4845;2104;TOTALENERGIES;USD;2026;1;2026Q1;FCO;3.361;0.85;2026-10-04 23:59:44
4846;2098;TOTALENERGIES;USD;2025;4;2025Q4;FCO;10.471;0.85;2026-10-04 23:59:43
4847;2104;TOTALENERGIES;USD;2026;1;2026Q1;RECEITA_LIQUIDA;49.516;0.85;2026-10-04 23:59:44
4848;2098;TOTALENERGIES;USD;2025;4;2025Q4;RECEITA_LIQUIDA;45.925;0.85;2026-10-04 23:59:43
4849;2104;TOTALENERGIES;USD;2026;1;2026Q1;DESPESA_OPERACIONAL;-8.563;0.85;2026-10-04 23:59:44
4850;2098;TOTALENERGIES;USD;2025;4;2025Q4;DESPESA_OPERACIONAL;-7.783;0.85;2026-10-04 23:59:43
4851;2104;TOTALENERGIES;USD;2026;1;2026Q1;FCL;3.9262;0.85;2026-10-04 23:59:44
4852;2098;TOTALENERGIES;USD;2025;4;2025Q4;FCL;3.1493;0.85;2026-10-04 23:59:43
4853;2104;TOTALENERGIES;USD;2026;1;2026Q1;DIVIDA_LIQUIDA;23.0494;0.85;2026-10-04 23:59:44
4855;2104;TOTALENERGIES;USD;2026;2;2026Q2;LUCRO_LIQUIDO;5.438;0.85;2026-10-04 23:59:44
4856;2104;TOTALENERGIES;USD;2026;2;2026Q2;EBITDA_AJUSTADO;13.179;0.85;2026-10-04 23:59:44
4859;2104;TOTALENERGIES;USD;2026;2;2026Q2;CAPEX;3.447;0.85;2026-10-04 23:59:44
4861;2104;TOTALENERGIES;USD;2026;2;2026Q2;FCO;10.858;0.85;2026-10-04 23:59:44
4863;2104;TOTALENERGIES;USD;2026;2;2026Q2;RECEITA_LIQUIDA;57.334;0.85;2026-10-04 23:59:44
4865;2104;TOTALENERGIES;USD;2026;2;2026Q2;DESPESA_OPERACIONAL;-7.954;0.85;2026-10-04 23:59:44
4867;2104;TOTALENERGIES;USD;2026;2;2026Q2;FCL;5.1103;0.85;2026-10-04 23:59:44
4869;2104;TOTALENERGIES;USD;2026;2;2026Q2;DIVIDA_LIQUIDA;19.7097;0.85;2026-10-04 23:59:44
4871;2019;EQUINOR;USD;2025;4;2025Q4;LUCRO_LIQUIDO;1.314;0.78;2026-10-04 23:59:54
4872;2019;EQUINOR;USD;2025;4;2025Q4;RECEITA_LIQUIDA;25.346;0.78;2026-10-04 23:59:54
4873;2022;EQUINOR;USD;2026;1;2026Q1;LUCRO_LIQUIDO;3.105;0.78;2026-10-04 23:59:55
4875;2022;EQUINOR;USD;2026;1;2026Q1;FCO;5.213;0.78;2026-10-04 23:59:55
4876;2019;EQUINOR;USD;2025;4;2025Q4;FCO;2.107;0.78;2026-10-04 23:59:54
4877;2022;EQUINOR;USD;2026;1;2026Q1;RECEITA_LIQUIDA;27.843;0.78;2026-10-04 23:59:55
4879;2019;EQUINOR;USD;2026;1;2026Q1;DESPESA_OPERACIONAL;-2.779;0.78;2026-10-04 23:59:54
4880;2019;EQUINOR;USD;2025;4;2025Q4;DESPESA_OPERACIONAL;-2.972;0.78;2026-10-04 23:59:54
4881;2022;EQUINOR;USD;2026;2;2026Q2;LUCRO_LIQUIDO;4.836;0.78;2026-10-04 23:59:55
4883;2022;EQUINOR;USD;2026;2;2026Q2;FCO;9.47;0.78;2026-10-04 23:59:55
4885;2022;EQUINOR;USD;2026;2;2026Q2;RECEITA_LIQUIDA;35.177;0.78;2026-10-04 23:59:55
4887;2024;EXXONMOBIL;USD;2025;4;2025Q4;FCO;12.7;0.7;2026-10-04 23:59:55
4888;2024;EXXONMOBIL;USD;2025;4;2025Q4;FCL;5.6;0.7;2026-10-04 23:59:55
4889;2042;EXXONMOBIL;USD;2026;2;2026Q2;FCL;17.2;0.7;2026-10-05 00:00:03
4891;2120;EXXONMOBIL;USD;2026;1;2026Q1;RECEITA_LIQUIDA;85.138;0.92;2026-10-04 23:56:56
4892;2120;EXXONMOBIL;USD;2026;1;2026Q1;LUCRO_LIQUIDO;4.183;0.92;2026-10-04 23:56:56
4893;2120;EXXONMOBIL;USD;2026;1;2026Q1;FCO;8.705;0.92;2026-10-04 23:56:56
4894;1992;BP;USD;2024;2;2024Q2;LUCRO_LIQUIDO;-0.129;0.85;2026-10-04 23:59:06
4896;1992;BP;USD;2024;2;2024Q2;FCO;8.1;0.85;2026-10-04 23:59:06
4898;1992;BP;USD;2024;2;2024Q2;CAPEX;3.691;0.85;2026-10-04 23:59:06
4900;1992;BP;USD;2024;2;2024Q2;DIVIDA_LIQUIDA;22.614;0.85;2026-10-04 23:59:07
4902;1992;BP;USD;2024;2;2024Q2;RECEITA_LIQUIDA;47.299;0.85;2026-10-04 23:59:07
4939;2010;CHEVRON;USD;2024;2;2024Q2;RECEITA_LIQUIDA;49.574;0.85;2026-10-04 23:59:10
4941;2010;CHEVRON;USD;2024;2;2024Q2;DESPESA_OPERACIONAL;-6.614;0.85;2026-10-04 23:59:10
4943;2010;CHEVRON;USD;2024;2;2024Q2;LUCRO_LIQUIDO;4.443;0.85;2026-10-04 23:59:10
4945;2010;CHEVRON;USD;2024;2;2024Q2;DIVIDA_BRUTA;182.417;0.85;2026-10-04 23:59:10
4947;2010;CHEVRON;USD;2024;2;2024Q2;FCO;35.23;0.85;2026-10-04 23:59:10
4949;2010;CHEVRON;USD;2024;2;2024Q2;CAPEX;3.966;0.85;2026-10-04 23:59:11
4951;2010;CHEVRON;USD;2024;2;2024Q2;FCL;2.329;0.85;2026-10-04 23:59:11
5056;2085;SHELL;USD;2024;2;2024Q2;RECEITA_LIQUIDA;74.463;0.85;2026-10-04 23:59:39
5058;2085;SHELL;USD;2024;2;2024Q2;LUCRO_LIQUIDO;3.517;0.85;2026-10-04 23:59:40
5060;2085;SHELL;USD;2024;2;2024Q2;FCO;13.508;0.85;2026-10-04 23:59:40
5062;2085;SHELL;USD;2024;2;2024Q2;CAPEX;4.445;0.85;2026-10-04 23:59:40
5064;2085;SHELL;USD;2024;2;2024Q2;EBITDA_AJUSTADO;16.806;0.85;2026-10-04 23:59:40
5066;2085;SHELL;USD;2024;2;2024Q2;FCL;10.17;0.85;2026-10-04 23:59:40
5068;2085;SHELL;USD;2024;2;2024Q2;DESPESA_OPERACIONAL;-8.95;0.85;2026-10-04 23:59:40
5070;2085;SHELL;USD;2024;2;2024Q2;DIVIDA_BRUTA;75.468;0.85;2026-10-04 23:59:40
5072;2085;SHELL;USD;2024;2;2024Q2;DIVIDA_LIQUIDA;38.314;0.85;2026-10-04 23:59:41
5190;2116;PETROBRAS;USD;2023;2;2023Q2;RECEITA_LIQUIDA;22.979;0.92;2026-10-05 01:29:22
5191;2116;PETROBRAS;USD;2024;2;2024Q2;RECEITA_LIQUIDA;23.467;0.92;2026-10-05 01:29:22
5192;2116;PETROBRAS;USD;2025;2;2025Q2;RECEITA_LIQUIDA;21.037;0.92;2026-10-05 01:29:22
5193;2116;PETROBRAS;USD;2023;2;2023Q2;LUCRO_BRUTO;11.637;0.92;2026-10-05 01:29:22
5194;2116;PETROBRAS;USD;2024;2;2024Q2;LUCRO_BRUTO;11.727;0.92;2026-10-05 01:29:22
5195;2116;PETROBRAS;USD;2025;2;2025Q2;LUCRO_BRUTO;10.012;0.92;2026-10-05 01:29:22
5196;2116;PETROBRAS;USD;2023;2;2023Q2;LUCRO_LIQUIDO;5.859;0.92;2026-10-05 01:29:22
5197;2116;PETROBRAS;USD;2024;2;2024Q2;LUCRO_LIQUIDO;-0.325;0.92;2026-10-05 01:29:22
5198;2116;PETROBRAS;USD;2025;2;2025Q2;LUCRO_LIQUIDO;4.757;0.92;2026-10-05 01:29:22
5199;2116;PETROBRAS;USD;2023;2;2023Q2;FCO;19.989;0.9;2026-10-05 01:29:22
5200;2116;PETROBRAS;USD;2024;2;2024Q2;FCO;18.473;0.9;2026-10-05 01:29:22
5201;2116;PETROBRAS;USD;2025;2;2025Q2;FCO;16.029;0.9;2026-10-05 01:29:22
5202;2117;SHELL;USD;2023;2;2023Q2;RECEITA_LIQUIDA;74.578;0.92;2026-10-05 01:29:22
5203;2117;SHELL;USD;2023;1;2023Q1;RECEITA_LIQUIDA;86.959;0.92;2026-10-05 01:29:22
5204;2117;SHELL;USD;2024;1;2024Q1;RECEITA_LIQUIDA;72.478;0.92;2026-10-05 01:29:22
5205;2117;SHELL;USD;2025;2;2025Q2;RECEITA_LIQUIDA;65.406;0.92;2026-10-05 01:29:22
5206;2117;SHELL;USD;2025;1;2025Q1;RECEITA_LIQUIDA;69.234;0.92;2026-10-05 01:29:22
5207;2117;SHELL;USD;2023;2;2023Q2;LUCRO_LIQUIDO;3.154;0.92;2026-10-05 01:29:24
5208;2117;SHELL;USD;2023;1;2023Q1;LUCRO_LIQUIDO;8.772;0.92;2026-10-05 01:29:24
5209;2117;SHELL;USD;2024;1;2024Q1;LUCRO_LIQUIDO;7.439;0.92;2026-10-05 01:29:24
5210;2117;SHELL;USD;2025;2;2025Q2;LUCRO_LIQUIDO;3.644;0.92;2026-10-05 01:29:24
5211;2117;SHELL;USD;2025;1;2025Q1;LUCRO_LIQUIDO;4.875;0.92;2026-10-05 01:29:24
5212;2117;SHELL;USD;2023;2;2023Q2;FCO;15.13;0.92;2026-10-05 01:29:24
5213;2117;SHELL;USD;2023;1;2023Q1;FCO;14.159;0.92;2026-10-05 01:29:25
5214;2117;SHELL;USD;2024;1;2024Q1;FCO;13.33;0.92;2026-10-05 01:29:25
5215;2117;SHELL;USD;2025;2;2025Q2;FCO;11.937;0.92;2026-10-05 01:29:25
5216;2117;SHELL;USD;2025;1;2025Q1;FCO;9.281;0.92;2026-10-05 01:29:25
5217;2118;BP;USD;2023;2;2023Q2;RECEITA_LIQUIDA;49.479;0.92;2026-10-05 01:29:25
5218;2118;BP;USD;2025;2;2025Q2;RECEITA_LIQUIDA;47.677;0.92;2026-10-05 01:29:25
5219;2118;BP;USD;2023;2;2023Q2;LUCRO_LIQUIDO;1.953;0.92;2026-10-05 01:29:25
5220;2118;BP;USD;2025;2;2025Q2;LUCRO_LIQUIDO;1.929;0.92;2026-10-05 01:29:25
5221;2118;BP;USD;2023;2;2023Q2;FCO;6.293;0.92;2026-10-05 01:29:25
5222;2118;BP;USD;2025;2;2025Q2;FCO;6.271;0.92;2026-10-05 01:29:25
5223;2119;CHEVRON;USD;2023;2;2023Q2;RECEITA_LIQUIDA;48.896;0.92;2026-10-05 01:29:26
5224;2119;CHEVRON;USD;2023;3;2023Q3;RECEITA_LIQUIDA;54.08;0.92;2026-10-05 01:29:26
5225;2119;CHEVRON;USD;2023;1;2023Q1;RECEITA_LIQUIDA;50.793;0.92;2026-10-05 01:29:26
5226;2119;CHEVRON;USD;2024;3;2024Q3;RECEITA_LIQUIDA;50.669;0.92;2026-10-05 01:29:26
5227;2119;CHEVRON;USD;2024;1;2024Q1;RECEITA_LIQUIDA;48.716;0.92;2026-10-05 01:29:26
5228;2119;CHEVRON;USD;2025;2;2025Q2;RECEITA_LIQUIDA;44.822;0.92;2026-10-05 01:29:26
5229;2119;CHEVRON;USD;2025;3;2025Q3;RECEITA_LIQUIDA;49.726;0.92;2026-10-05 01:29:26
5230;2119;CHEVRON;USD;2025;1;2025Q1;RECEITA_LIQUIDA;47.61;0.92;2026-10-05 01:29:26
5231;2119;CHEVRON;USD;2023;2;2023Q2;LUCRO_LIQUIDO;6.01;0.92;2026-10-05 01:29:26
5232;2119;CHEVRON;USD;2023;3;2023Q3;LUCRO_LIQUIDO;6.526;0.92;2026-10-05 01:29:26
5233;2119;CHEVRON;USD;2023;1;2023Q1;LUCRO_LIQUIDO;6.574;0.92;2026-10-05 01:29:26
5234;2119;CHEVRON;USD;2024;3;2024Q3;LUCRO_LIQUIDO;4.487;0.92;2026-10-05 01:29:26
5235;2119;CHEVRON;USD;2024;1;2024Q1;LUCRO_LIQUIDO;5.501;0.92;2026-10-05 01:29:26
5236;2119;CHEVRON;USD;2025;2;2025Q2;LUCRO_LIQUIDO;2.49;0.92;2026-10-05 01:29:26
5237;2119;CHEVRON;USD;2025;3;2025Q3;LUCRO_LIQUIDO;3.539;0.92;2026-10-05 01:29:26
5238;2119;CHEVRON;USD;2025;1;2025Q1;LUCRO_LIQUIDO;3.5;0.92;2026-10-05 01:29:26
5239;2119;CHEVRON;USD;2023;2;2023Q2;FCO;13.502;0.9;2026-10-05 01:29:26
5240;2119;CHEVRON;USD;2023;3;2023Q3;FCO;23.175;0.9;2026-10-05 01:29:26
5241;2119;CHEVRON;USD;2023;1;2023Q1;FCO;7.205;0.92;2026-10-05 01:29:27
5242;2119;CHEVRON;USD;2024;3;2024Q3;FCO;22.797;0.9;2026-10-05 01:29:27
5243;2119;CHEVRON;USD;2024;1;2024Q1;FCO;6.828;0.92;2026-10-05 01:29:27
5244;2119;CHEVRON;USD;2025;2;2025Q2;FCO;13.765;0.9;2026-10-05 01:29:27
5245;2119;CHEVRON;USD;2025;3;2025Q3;FCO;23.15;0.9;2026-10-05 01:29:27
5246;2119;CHEVRON;USD;2025;1;2025Q1;FCO;5.189;0.92;2026-10-05 01:29:27
5247;2120;EXXONMOBIL;USD;2023;2;2023Q2;RECEITA_LIQUIDA;82.914;0.92;2026-10-05 01:29:27
5248;2120;EXXONMOBIL;USD;2023;3;2023Q3;RECEITA_LIQUIDA;90.76;0.92;2026-10-05 01:29:27
5249;2120;EXXONMOBIL;USD;2023;1;2023Q1;RECEITA_LIQUIDA;86.564;0.92;2026-10-05 01:29:28
5250;2120;EXXONMOBIL;USD;2024;2;2024Q2;RECEITA_LIQUIDA;93.06;0.92;2026-10-05 01:29:28
5251;2120;EXXONMOBIL;USD;2024;3;2024Q3;RECEITA_LIQUIDA;90.016;0.92;2026-10-05 01:29:28
5252;2120;EXXONMOBIL;USD;2024;1;2024Q1;RECEITA_LIQUIDA;83.083;0.92;2026-10-05 01:29:28
5253;2120;EXXONMOBIL;USD;2025;2;2025Q2;RECEITA_LIQUIDA;81.506;0.92;2026-10-05 01:29:28
5254;2120;EXXONMOBIL;USD;2025;3;2025Q3;RECEITA_LIQUIDA;85.294;0.92;2026-10-05 01:29:28
5255;2120;EXXONMOBIL;USD;2025;1;2025Q1;RECEITA_LIQUIDA;83.13;0.92;2026-10-05 01:29:28
5256;2120;EXXONMOBIL;USD;2023;2;2023Q2;LUCRO_LIQUIDO;7.88;0.92;2026-10-05 01:29:28
5257;2120;EXXONMOBIL;USD;2023;3;2023Q3;LUCRO_LIQUIDO;9.07;0.92;2026-10-05 01:29:28
5258;2120;EXXONMOBIL;USD;2023;1;2023Q1;LUCRO_LIQUIDO;11.43;0.92;2026-10-05 01:29:28
5259;2120;EXXONMOBIL;USD;2024;2;2024Q2;LUCRO_LIQUIDO;9.24;0.92;2026-10-05 01:29:28
5260;2120;EXXONMOBIL;USD;2024;3;2024Q3;LUCRO_LIQUIDO;8.61;0.92;2026-10-05 01:29:28
5261;2120;EXXONMOBIL;USD;2024;1;2024Q1;LUCRO_LIQUIDO;8.22;0.92;2026-10-05 01:29:28
5262;2120;EXXONMOBIL;USD;2025;2;2025Q2;LUCRO_LIQUIDO;7.082;0.92;2026-10-05 01:29:28
5263;2120;EXXONMOBIL;USD;2025;3;2025Q3;LUCRO_LIQUIDO;7.548;0.92;2026-10-05 01:29:28
5264;2120;EXXONMOBIL;USD;2025;1;2025Q1;LUCRO_LIQUIDO;7.713;0.92;2026-10-05 01:29:28
5265;2120;EXXONMOBIL;USD;2023;2;2023Q2;FCO;25.724;0.9;2026-10-05 01:29:29
5266;2120;EXXONMOBIL;USD;2023;3;2023Q3;FCO;41.687;0.9;2026-10-05 01:29:29
5267;2120;EXXONMOBIL;USD;2023;1;2023Q1;FCO;16.341;0.92;2026-10-05 01:29:29
5268;2120;EXXONMOBIL;USD;2024;2;2024Q2;FCO;25.224;0.9;2026-10-05 01:29:29
5269;2120;EXXONMOBIL;USD;2024;3;2024Q3;FCO;42.793;0.9;2026-10-05 01:29:29
5270;2120;EXXONMOBIL;USD;2024;1;2024Q1;FCO;14.664;0.92;2026-10-05 01:29:29
5271;2120;EXXONMOBIL;USD;2025;2;2025Q2;FCO;24.503;0.9;2026-10-05 01:29:29
5272;2120;EXXONMOBIL;USD;2025;3;2025Q3;FCO;39.291;0.9;2026-10-05 01:29:29
5273;2120;EXXONMOBIL;USD;2025;1;2025Q1;FCO;12.953;0.92;2026-10-05 01:29:29
5274;2121;TOTALENERGIES;USD;2023;2;2023Q2;LUCRO_LIQUIDO;4.152;0.92;2026-10-05 01:29:29
5275;2121;TOTALENERGIES;USD;2023;1;2023Q1;LUCRO_LIQUIDO;5.631;0.92;2026-10-05 01:29:29
5276;2121;TOTALENERGIES;USD;2024;2;2024Q2;LUCRO_LIQUIDO;3.847;0.92;2026-10-05 01:29:29
5277;2121;TOTALENERGIES;USD;2024;1;2024Q1;LUCRO_LIQUIDO;5.804;0.92;2026-10-05 01:29:29
5278;2121;TOTALENERGIES;USD;2025;2;2025Q2;LUCRO_LIQUIDO;2.746;0.92;2026-10-05 01:29:29
5279;2121;TOTALENERGIES;USD;2025;1;2025Q1;LUCRO_LIQUIDO;3.921;0.92;2026-10-05 01:29:29
5280;2121;TOTALENERGIES;USD;2023;2;2023Q2;FCO;9.9;0.92;2026-10-05 01:29:29
5281;2121;TOTALENERGIES;USD;2023;1;2023Q1;FCO;5.133;0.92;2026-10-05 01:29:29
5282;2121;TOTALENERGIES;USD;2024;2;2024Q2;FCO;9.007;0.92;2026-10-05 01:29:29
5283;2121;TOTALENERGIES;USD;2024;1;2024Q1;FCO;2.169;0.92;2026-10-05 01:29:29
5284;2121;TOTALENERGIES;USD;2025;2;2025Q2;FCO;5.96;0.92;2026-10-05 01:29:29
5285;2121;TOTALENERGIES;USD;2025;1;2025Q1;FCO;2.563;0.92;2026-10-05 01:29:30
5286;2122;EQUINOR;USD;2024;3;2024Q3;RECEITA_LIQUIDA;25.446;0.92;2026-10-05 01:29:30
5287;2122;EQUINOR;USD;2025;2;2025Q2;RECEITA_LIQUIDA;25.145;0.92;2026-10-05 01:29:30
5288;2122;EQUINOR;USD;2025;3;2025Q3;RECEITA_LIQUIDA;26.049;0.92;2026-10-05 01:29:30
5289;2122;EQUINOR;USD;2024;3;2024Q3;LUCRO_LIQUIDO;2.285;0.92;2026-10-05 01:29:30
5290;2122;EQUINOR;USD;2025;2;2025Q2;LUCRO_LIQUIDO;1.317;0.92;2026-10-05 01:29:30
5291;2122;EQUINOR;USD;2025;3;2025Q3;LUCRO_LIQUIDO;-0.204;0.92;2026-10-05 01:29:30
5292;2122;EQUINOR;USD;2023;1;2023Q1;FCO;18.548;0.92;2026-10-05 01:29:30
5293;2122;EQUINOR;USD;2023;2;2023Q2;FCO;2.283;0.92;2026-10-05 01:29:30
5294;2122;EQUINOR;USD;2023;3;2023Q3;FCO;4.992;0.92;2026-10-05 01:29:30
5295;2122;EQUINOR;USD;2023;4;2023Q4;FCO;3.434;0.92;2026-10-05 01:29:30
5296;2122;EQUINOR;USD;2024;1;2024Q1;FCO;9.138;0.92;2026-10-05 01:29:30
5297;2122;EQUINOR;USD;2024;2;2024Q2;FCO;1.811;0.92;2026-10-05 01:29:30
5298;2122;EQUINOR;USD;2024;3;2024Q3;FCO;6.495;0.92;2026-10-05 01:29:30
5299;2122;EQUINOR;USD;2024;4;2024Q4;FCO;2.022;0.92;2026-10-05 01:29:31
5300;2122;EQUINOR;USD;2025;2;2025Q2;FCO;2.477;0.92;2026-10-05 01:29:31
5301;2122;EQUINOR;USD;2025;3;2025Q3;FCO;6.346;0.92;2026-10-05 01:29:31
