id_review;nome_empresa;periodo;rubrica;valor;motivo;confianca;status;criado_em
3505;BP;2025Q4;FCL;0.07;confianca 0.55 em bp-fourth-quarter-2025-results-supplementary-info.pdf;0.55;ABERTO;2026-10-04 23:54:40
3506;BP;2026Q2;FCL;0.005;confianca 0.55 em bp-second-quarter-2026-results-supplementary-info.pdf;0.55;ABERTO;2026-10-04 23:54:46
3507;BP;2025Q4;FCO;0.0253;confianca 0.55 em bp-first-quarter-2026-results.pdf;0.55;ABERTO;2026-10-04 23:55:33
3508;BP;2025Q4;DIVIDA_LIQUIDA;0.0222;confianca 0.55 em bp-first-quarter-2026-results.pdf;0.55;ABERTO;2026-10-04 23:55:33
3509;BP;2025Q4;CAPEX;0.0135;confianca 0.55 em bp-first-quarter-2026-results.pdf;0.55;ABERTO;2026-10-04 23:55:33
3510;BP;2025Q4;LUCRO_LIQUIDO;0.005;confianca 0.55 em bp-first-quarter-2026-results.pdf;0.55;ABERTO;2026-10-04 23:55:33
3511;CHEVRON;2025Q4;FCO;4.2;confianca 0.55 em 2025 4Q Earnings Release.pdf;0.55;ABERTO;2026-10-04 23:55:36
3512;CHEVRON;2025Q4;FCL;1.8;confianca 0.55 em 2025 4Q Earnings Release.pdf;0.55;ABERTO;2026-10-04 23:55:36
3513;CHEVRON;2025Q4;LUCRO_LIQUIDO;4.0;confianca 0.55 em 2025 4Q Earnings Release.pdf;0.55;ABERTO;2026-10-04 23:55:36
3514;CHEVRON;2026Q1;FCO;6.0;confianca 0.55 em 2026 1Q Earnings Release.pdf;0.55;ABERTO;2026-10-04 23:55:38
3515;CHEVRON;2026Q1;FCL;1.0;confianca 0.55 em 2026 1Q Earnings Release.pdf;0.55;ABERTO;2026-10-04 23:55:38
3516;CHEVRON;2026Q1;LUCRO_LIQUIDO;4.0;confianca 0.55 em 2026 1Q Earnings Release.pdf;0.55;ABERTO;2026-10-04 23:55:38
3517;CHEVRON;2026Q2;FCO;6.0;confianca 0.55 em 2026_2q_earnings_release.pdf;0.55;ABERTO;2026-10-04 23:55:39
3518;CHEVRON;2026Q2;DIVIDA_BRUTA;8.4;confianca 0.55 em 2026_2q_earnings_release.pdf;0.55;ABERTO;2026-10-04 23:55:40
3519;CHEVRON;2026Q2;LUCRO_LIQUIDO;4.0;confianca 0.55 em 2026_2q_earnings_release.pdf;0.55;ABERTO;2026-10-04 23:55:40
3520;PETROBRAS;2025Q4;EBITDA_AJUSTADO;0.2443;confianca 0.55 em Desempenho Financeiro Petrobras 4T25.pdf;0.55;ABERTO;2026-10-04 23:55:55
3521;PETROBRAS;2025Q4;LUCRO_LIQUIDO;0.1009;confianca 0.55 em Desempenho Financeiro Petrobras 4T25.pdf;0.55;ABERTO;2026-10-04 23:55:55
3522;PETROBRAS;2025Q4;FCL;0.0916;confianca 0.55 em Desempenho Financeiro Petrobras 4T25.pdf;0.55;ABERTO;2026-10-04 23:55:55
3523;PETROBRAS;2025Q4;PRODUCAO_BOED;11.0;confianca 0.55 em Desempenho Financeiro Petrobras 4T25.pdf;0.55;ABERTO;2026-10-04 23:55:55
3524;PETROBRAS;2026Q1;FUT_REFINO;0.091;confianca 0.55 em Desempenho Petrobras 4T25.pdf;0.55;ABERTO;2026-10-04 23:55:58
3525;PETROBRAS;2025Q4;PRODUCAO_BOED;4.32;confianca 0.55 em Relatório de Produção e Vendas 4T25.pdf;0.55;ABERTO;2026-10-04 23:56:01
3526;PETROBRAS;2025Q4;FUT_REFINO;0.091;confianca 0.55 em Relatório de Produção e Vendas 4T25.pdf;0.55;ABERTO;2026-10-04 23:56:02
3527;PETROBRAS;2026Q2;EBITDA_AJUSTADO;0.019;confianca 0.55 em Desempenho Financeiro Petrobras 2T26 (1).pdf;0.55;ABERTO;2026-10-04 23:56:12
3528;PETROBRAS;2026Q2;LUCRO_LIQUIDO;0.0558;confianca 0.55 em Desempenho Financeiro Petrobras 2T26 (1).pdf;0.55;ABERTO;2026-10-04 23:56:12
3529;PETROBRAS;2026Q2;FCO;0.0618;confianca 0.55 em Desempenho Financeiro Petrobras 2T26 (1).pdf;0.55;ABERTO;2026-10-04 23:56:13
3530;PETROBRAS;2026Q2;FUT_REFINO;0.1012;confianca 0.55 em Desempenho Financeiro Petrobras 2T26 (1).pdf;0.55;ABERTO;2026-10-04 23:56:13
3531;BP;2025Q4;DESPESA_OPERACIONAL;;registro ausente (cobertura);0.0;ABERTO;2026-10-04 23:56:46
3532;BP;2025Q4;DIVIDA_BRUTA;;registro ausente (cobertura);0.0;ABERTO;2026-10-04 23:56:46
3533;BP;2025Q4;FCL;;registro ausente (cobertura);0.0;ABERTO;2026-10-04 23:56:46
3534;BP;2025Q4;EBITDA_AJUSTADO;;registro ausente (cobertura);0.0;ABERTO;2026-10-04 23:56:46
3535;BP;2025Q4;LUCRO_BRUTO;;registro ausente (cobertura);0.0;ABERTO;2026-10-04 23:56:46
3536;BP;2026Q1;DESPESA_OPERACIONAL;;registro ausente (cobertura);0.0;ABERTO;2026-10-04 23:56:46
3537;BP;2026Q1;DIVIDA_BRUTA;;registro ausente (cobertura);0.0;ABERTO;2026-10-04 23:56:46
3538;BP;2026Q1;FCL;;registro ausente (cobertura);0.0;ABERTO;2026-10-04 23:56:46
3539;BP;2026Q1;EBITDA_AJUSTADO;;registro ausente (cobertura);0.0;ABERTO;2026-10-04 23:56:46
3540;BP;2026Q1;LUCRO_BRUTO;;registro ausente (cobertura);0.0;ABERTO;2026-10-04 23:56:46
3541;BP;2026Q2;DESPESA_OPERACIONAL;;registro ausente (cobertura);0.0;ABERTO;2026-10-04 23:56:46
3542;BP;2026Q2;DIVIDA_BRUTA;;registro ausente (cobertura);0.0;ABERTO;2026-10-04 23:56:46
3543;BP;2026Q2;FCL;;registro ausente (cobertura);0.0;ABERTO;2026-10-04 23:56:46
3544;BP;2026Q2;EBITDA_AJUSTADO;;registro ausente (cobertura);0.0;ABERTO;2026-10-04 23:56:46
3545;BP;2026Q2;LUCRO_BRUTO;;registro ausente (cobertura);0.0;ABERTO;2026-10-04 23:56:46
3546;CHEVRON;2025Q4;DIVIDA_LIQUIDA;;registro ausente (cobertura);0.0;ABERTO;2026-10-04 23:56:46
3547;CHEVRON;2025Q4;EBITDA_AJUSTADO;;registro ausente (cobertura);0.0;ABERTO;2026-10-04 23:56:46
3548;CHEVRON;2025Q4;LUCRO_BRUTO;;registro ausente (cobertura);0.0;ABERTO;2026-10-04 23:56:46
3549;CHEVRON;2026Q1;DIVIDA_LIQUIDA;;registro ausente (cobertura);0.0;ABERTO;2026-10-04 23:56:46
3550;CHEVRON;2026Q1;EBITDA_AJUSTADO;;registro ausente (cobertura);0.0;ABERTO;2026-10-04 23:56:46
3551;CHEVRON;2026Q1;LUCRO_BRUTO;;registro ausente (cobertura);0.0;ABERTO;2026-10-04 23:56:46
3552;CHEVRON;2026Q2;DIVIDA_LIQUIDA;;registro ausente (cobertura);0.0;ABERTO;2026-10-04 23:56:46
3553;CHEVRON;2026Q2;EBITDA_AJUSTADO;;registro ausente (cobertura);0.0;ABERTO;2026-10-04 23:56:46
3554;CHEVRON;2026Q2;LUCRO_BRUTO;;registro ausente (cobertura);0.0;ABERTO;2026-10-04 23:56:46
3555;EQUINOR;2025Q4;CAPEX;;registro ausente (cobertura);0.0;ABERTO;2026-10-04 23:56:46
3556;EQUINOR;2025Q4;DIVIDA_LIQUIDA;;registro ausente (cobertura);0.0;ABERTO;2026-10-04 23:56:46
3557;EQUINOR;2025Q4;DIVIDA_BRUTA;;registro ausente (cobertura);0.0;ABERTO;2026-10-04 23:56:46
3558;EQUINOR;2025Q4;FCL;;registro ausente (cobertura);0.0;ABERTO;2026-10-04 23:56:46
3559;EQUINOR;2025Q4;EBITDA_AJUSTADO;;registro ausente (cobertura);0.0;ABERTO;2026-10-04 23:56:47
3560;EQUINOR;2025Q4;LUCRO_BRUTO;;registro ausente (cobertura);0.0;ABERTO;2026-10-04 23:56:47
3561;EQUINOR;2026Q1;CAPEX;;registro ausente (cobertura);0.0;ABERTO;2026-10-04 23:56:47
3562;EQUINOR;2026Q1;DIVIDA_LIQUIDA;;registro ausente (cobertura);0.0;ABERTO;2026-10-04 23:56:47
3563;EQUINOR;2026Q1;DIVIDA_BRUTA;;registro ausente (cobertura);0.0;ABERTO;2026-10-04 23:56:47
3564;EQUINOR;2026Q1;FCL;;registro ausente (cobertura);0.0;ABERTO;2026-10-04 23:56:47
3565;EQUINOR;2026Q1;EBITDA_AJUSTADO;;registro ausente (cobertura);0.0;ABERTO;2026-10-04 23:56:47
3566;EQUINOR;2026Q1;LUCRO_BRUTO;;registro ausente (cobertura);0.0;ABERTO;2026-10-04 23:56:47
3567;EQUINOR;2026Q2;CAPEX;;registro ausente (cobertura);0.0;ABERTO;2026-10-04 23:56:47
3568;EQUINOR;2026Q2;DIVIDA_LIQUIDA;;registro ausente (cobertura);0.0;ABERTO;2026-10-04 23:56:47
3569;EQUINOR;2026Q2;DESPESA_OPERACIONAL;;registro ausente (cobertura);0.0;ABERTO;2026-10-04 23:56:47
3570;EQUINOR;2026Q2;DIVIDA_BRUTA;;registro ausente (cobertura);0.0;ABERTO;2026-10-04 23:56:47
3571;EQUINOR;2026Q2;FCL;;registro ausente (cobertura);0.0;ABERTO;2026-10-04 23:56:47
3572;EQUINOR;2026Q2;EBITDA_AJUSTADO;;registro ausente (cobertura);0.0;ABERTO;2026-10-04 23:56:47
3573;EQUINOR;2026Q2;LUCRO_BRUTO;;registro ausente (cobertura);0.0;ABERTO;2026-10-04 23:56:47
3574;EXXONMOBIL;2025Q4;CAPEX;;registro ausente (cobertura);0.0;ABERTO;2026-10-04 23:56:47
3575;EXXONMOBIL;2025Q4;DIVIDA_LIQUIDA;;registro ausente (cobertura);0.0;ABERTO;2026-10-04 23:56:47
3576;EXXONMOBIL;2025Q4;LUCRO_LIQUIDO;;registro ausente (cobertura);0.0;ABERTO;2026-10-04 23:56:47
3577;EXXONMOBIL;2025Q4;RECEITA_LIQUIDA;;registro ausente (cobertura);0.0;ABERTO;2026-10-04 23:56:47
3578;EXXONMOBIL;2025Q4;DESPESA_OPERACIONAL;;registro ausente (cobertura);0.0;ABERTO;2026-10-04 23:56:47
3579;EXXONMOBIL;2025Q4;DIVIDA_BRUTA;;registro ausente (cobertura);0.0;ABERTO;2026-10-04 23:56:47
3580;EXXONMOBIL;2025Q4;EBITDA_AJUSTADO;;registro ausente (cobertura);0.0;ABERTO;2026-10-04 23:56:47
3581;EXXONMOBIL;2025Q4;LUCRO_BRUTO;;registro ausente (cobertura);0.0;ABERTO;2026-10-04 23:56:47
3582;EXXONMOBIL;2026Q1;CAPEX;;registro ausente (cobertura);0.0;ABERTO;2026-10-04 23:56:47
3583;EXXONMOBIL;2026Q1;DIVIDA_LIQUIDA;;registro ausente (cobertura);0.0;ABERTO;2026-10-04 23:56:47
3584;EXXONMOBIL;2026Q1;FCO;;registro ausente (cobertura);0.0;ABERTO;2026-10-04 23:56:47
3585;EXXONMOBIL;2026Q1;LUCRO_LIQUIDO;;registro ausente (cobertura);0.0;ABERTO;2026-10-04 23:56:47
3586;EXXONMOBIL;2026Q1;RECEITA_LIQUIDA;;registro ausente (cobertura);0.0;ABERTO;2026-10-04 23:56:47
3587;EXXONMOBIL;2026Q1;DESPESA_OPERACIONAL;;registro ausente (cobertura);0.0;ABERTO;2026-10-04 23:56:47
3588;EXXONMOBIL;2026Q1;DIVIDA_BRUTA;;registro ausente (cobertura);0.0;ABERTO;2026-10-04 23:56:47
3589;EXXONMOBIL;2026Q1;FCL;;registro ausente (cobertura);0.0;ABERTO;2026-10-04 23:56:47
3590;EXXONMOBIL;2026Q1;EBITDA_AJUSTADO;;registro ausente (cobertura);0.0;ABERTO;2026-10-04 23:56:47
3591;EXXONMOBIL;2026Q1;LUCRO_BRUTO;;registro ausente (cobertura);0.0;ABERTO;2026-10-04 23:56:48
3592;EXXONMOBIL;2026Q2;CAPEX;;registro ausente (cobertura);0.0;ABERTO;2026-10-04 23:56:48
3593;EXXONMOBIL;2026Q2;DIVIDA_LIQUIDA;;registro ausente (cobertura);0.0;ABERTO;2026-10-04 23:56:48
3594;EXXONMOBIL;2026Q2;DIVIDA_BRUTA;;registro ausente (cobertura);0.0;ABERTO;2026-10-04 23:56:48
3595;EXXONMOBIL;2026Q2;EBITDA_AJUSTADO;;registro ausente (cobertura);0.0;ABERTO;2026-10-04 23:56:48
3596;EXXONMOBIL;2026Q2;LUCRO_BRUTO;;registro ausente (cobertura);0.0;ABERTO;2026-10-04 23:56:48
3597;SHELL;2025Q4;LUCRO_BRUTO;;registro ausente (cobertura);0.0;ABERTO;2026-10-04 23:56:48
3598;SHELL;2026Q1;LUCRO_BRUTO;;registro ausente (cobertura);0.0;ABERTO;2026-10-04 23:56:48
3599;SHELL;2026Q2;LUCRO_BRUTO;;registro ausente (cobertura);0.0;ABERTO;2026-10-04 23:56:48
3600;TOTALENERGIES;2025Q4;DIVIDA_BRUTA;;registro ausente (cobertura);0.0;ABERTO;2026-10-04 23:56:48
3601;TOTALENERGIES;2025Q4;LUCRO_BRUTO;;registro ausente (cobertura);0.0;ABERTO;2026-10-04 23:56:48
3602;TOTALENERGIES;2026Q1;DIVIDA_BRUTA;;registro ausente (cobertura);0.0;ABERTO;2026-10-04 23:56:48
3603;TOTALENERGIES;2026Q1;LUCRO_BRUTO;;registro ausente (cobertura);0.0;ABERTO;2026-10-04 23:56:48
3604;TOTALENERGIES;2026Q2;DIVIDA_BRUTA;;registro ausente (cobertura);0.0;ABERTO;2026-10-04 23:56:48
3605;TOTALENERGIES;2026Q2;LUCRO_BRUTO;;registro ausente (cobertura);0.0;ABERTO;2026-10-04 23:56:48
3606;BP;2024Q2;DESPESA_OPERACIONAL;;registro ausente (cobertura);0.0;ABERTO;2026-10-05 00:00:50
3607;BP;2024Q2;DIVIDA_BRUTA;;registro ausente (cobertura);0.0;ABERTO;2026-10-05 00:00:50
3608;BP;2024Q2;FCL;;registro ausente (cobertura);0.0;ABERTO;2026-10-05 00:00:50
3609;BP;2024Q2;EBITDA_AJUSTADO;;registro ausente (cobertura);0.0;ABERTO;2026-10-05 00:00:50
3610;BP;2024Q2;LUCRO_BRUTO;;registro ausente (cobertura);0.0;ABERTO;2026-10-05 00:00:50
3611;CHEVRON;2024Q2;DIVIDA_LIQUIDA;;registro ausente (cobertura);0.0;ABERTO;2026-10-05 00:00:50
3612;CHEVRON;2024Q2;EBITDA_AJUSTADO;;registro ausente (cobertura);0.0;ABERTO;2026-10-05 00:00:50
3613;CHEVRON;2024Q2;LUCRO_BRUTO;;registro ausente (cobertura);0.0;ABERTO;2026-10-05 00:00:50
3614;EQUINOR;2024Q2;CAPEX;;registro ausente (cobertura);0.0;ABERTO;2026-10-05 00:00:50
3615;EQUINOR;2024Q2;DIVIDA_LIQUIDA;;registro ausente (cobertura);0.0;ABERTO;2026-10-05 00:00:50
3616;EQUINOR;2024Q2;FCO;;registro ausente (cobertura);0.0;ABERTO;2026-10-05 00:00:50
3617;EQUINOR;2024Q2;LUCRO_LIQUIDO;;registro ausente (cobertura);0.0;ABERTO;2026-10-05 00:00:50
3618;EQUINOR;2024Q2;RECEITA_LIQUIDA;;registro ausente (cobertura);0.0;ABERTO;2026-10-05 00:00:50
3619;EQUINOR;2024Q2;DESPESA_OPERACIONAL;;registro ausente (cobertura);0.0;ABERTO;2026-10-05 00:00:51
3620;EQUINOR;2024Q2;DIVIDA_BRUTA;;registro ausente (cobertura);0.0;ABERTO;2026-10-05 00:00:51
3621;EQUINOR;2024Q2;FCL;;registro ausente (cobertura);0.0;ABERTO;2026-10-05 00:00:51
3622;EQUINOR;2024Q2;EBITDA_AJUSTADO;;registro ausente (cobertura);0.0;ABERTO;2026-10-05 00:00:51
3623;EQUINOR;2024Q2;LUCRO_BRUTO;;registro ausente (cobertura);0.0;ABERTO;2026-10-05 00:00:51
3624;EXXONMOBIL;2024Q2;CAPEX;;registro ausente (cobertura);0.0;ABERTO;2026-10-05 00:00:51
3625;EXXONMOBIL;2024Q2;DIVIDA_LIQUIDA;;registro ausente (cobertura);0.0;ABERTO;2026-10-05 00:00:51
3626;EXXONMOBIL;2024Q2;FCO;;registro ausente (cobertura);0.0;ABERTO;2026-10-05 00:00:51
3627;EXXONMOBIL;2024Q2;LUCRO_LIQUIDO;;registro ausente (cobertura);0.0;ABERTO;2026-10-05 00:00:51
3628;EXXONMOBIL;2024Q2;RECEITA_LIQUIDA;;registro ausente (cobertura);0.0;ABERTO;2026-10-05 00:00:51
3629;EXXONMOBIL;2024Q2;DESPESA_OPERACIONAL;;registro ausente (cobertura);0.0;ABERTO;2026-10-05 00:00:51
3630;EXXONMOBIL;2024Q2;DIVIDA_BRUTA;;registro ausente (cobertura);0.0;ABERTO;2026-10-05 00:00:51
3631;EXXONMOBIL;2024Q2;FCL;;registro ausente (cobertura);0.0;ABERTO;2026-10-05 00:00:51
3632;EXXONMOBIL;2024Q2;EBITDA_AJUSTADO;;registro ausente (cobertura);0.0;ABERTO;2026-10-05 00:00:51
3633;EXXONMOBIL;2024Q2;LUCRO_BRUTO;;registro ausente (cobertura);0.0;ABERTO;2026-10-05 00:00:51
3634;PETROBRAS;2024Q2;CAPEX;;registro ausente (cobertura);0.0;ABERTO;2026-10-05 00:00:51
3635;PETROBRAS;2024Q2;DIVIDA_LIQUIDA;;registro ausente (cobertura);0.0;ABERTO;2026-10-05 00:00:51
3636;PETROBRAS;2024Q2;FCO;;registro ausente (cobertura);0.0;ABERTO;2026-10-05 00:00:51
3637;PETROBRAS;2024Q2;LUCRO_LIQUIDO;;registro ausente (cobertura);0.0;ABERTO;2026-10-05 00:00:51
3638;PETROBRAS;2024Q2;RECEITA_LIQUIDA;;registro ausente (cobertura);0.0;ABERTO;2026-10-05 00:00:51
3639;PETROBRAS;2024Q2;DESPESA_OPERACIONAL;;registro ausente (cobertura);0.0;ABERTO;2026-10-05 00:00:51
3640;PETROBRAS;2024Q2;DIVIDA_BRUTA;;registro ausente (cobertura);0.0;ABERTO;2026-10-05 00:00:51
3641;PETROBRAS;2024Q2;FCL;;registro ausente (cobertura);0.0;ABERTO;2026-10-05 00:00:51
3642;PETROBRAS;2024Q2;EBITDA_AJUSTADO;;registro ausente (cobertura);0.0;ABERTO;2026-10-05 00:00:51
3643;PETROBRAS;2024Q2;LUCRO_BRUTO;;registro ausente (cobertura);0.0;ABERTO;2026-10-05 00:00:51
3644;SHELL;2024Q2;LUCRO_BRUTO;;registro ausente (cobertura);0.0;ABERTO;2026-10-05 00:00:51
3645;TOTALENERGIES;2024Q2;CAPEX;;registro ausente (cobertura);0.0;ABERTO;2026-10-05 00:00:51
3646;TOTALENERGIES;2024Q2;DIVIDA_LIQUIDA;;registro ausente (cobertura);0.0;ABERTO;2026-10-05 00:00:51
3647;TOTALENERGIES;2024Q2;FCO;;registro ausente (cobertura);0.0;ABERTO;2026-10-05 00:00:52
3648;TOTALENERGIES;2024Q2;LUCRO_LIQUIDO;;registro ausente (cobertura);0.0;ABERTO;2026-10-05 00:00:52
3649;TOTALENERGIES;2024Q2;RECEITA_LIQUIDA;;registro ausente (cobertura);0.0;ABERTO;2026-10-05 00:00:52
3650;TOTALENERGIES;2024Q2;DESPESA_OPERACIONAL;;registro ausente (cobertura);0.0;ABERTO;2026-10-05 00:00:52
3651;TOTALENERGIES;2024Q2;DIVIDA_BRUTA;;registro ausente (cobertura);0.0;ABERTO;2026-10-05 00:00:52
3652;TOTALENERGIES;2024Q2;FCL;;registro ausente (cobertura);0.0;ABERTO;2026-10-05 00:00:52
3653;TOTALENERGIES;2024Q2;EBITDA_AJUSTADO;;registro ausente (cobertura);0.0;ABERTO;2026-10-05 00:00:52
3654;TOTALENERGIES;2024Q2;LUCRO_BRUTO;;registro ausente (cobertura);0.0;ABERTO;2026-10-05 00:00:52
