company,period,indicator,value,currency,unit,source_doc,source_url,confidence,evidence
PETROBRAS,4T2025,REVENUE,24500,USD,USD_M,Release 4T25 DEMO,,0.6,demo
PETROBRAS,4T2025,EBITDA_ADJ,13200,USD,USD_M,Release 4T25 DEMO,,0.6,demo
PETROBRAS,4T2025,NET_INCOME,5200,USD,USD_M,Release 4T25 DEMO,,0.6,demo
PETROBRAS,4T2025,NET_INCOME_ADJ,6800,USD,USD_M,Release 4T25 DEMO,,0.6,demo
PETROBRAS,4T2025,OCF,11500,USD,USD_M,Release 4T25 DEMO,,0.6,demo
PETROBRAS,4T2025,EMPLOYEES,46100,,HEADCOUNT,Release 4T25 DEMO,,0.6,demo
PETROBRAS,1T2026,REVENUE,23800,USD,USD_M,Release 1T26 DEMO,,0.6,demo
PETROBRAS,1T2026,EBITDA_ADJ,12900,USD,USD_M,Release 1T26 DEMO,,0.6,demo
PETROBRAS,1T2026,NET_INCOME,4800,USD,USD_M,Release 1T26 DEMO,,0.6,demo
PETROBRAS,1T2026,NET_INCOME_ADJ,6400,USD,USD_M,Release 1T26 DEMO,,0.6,demo
PETROBRAS,1T2026,OCF,10900,USD,USD_M,Release 1T26 DEMO,,0.6,demo
PETROBRAS,1T2026,EMPLOYEES,45800,,HEADCOUNT,Release 1T26 DEMO,,0.6,demo
PETROBRAS,2T2026,REVENUE,25200,USD,USD_M,Release 2T26 DEMO,,0.6,"demo; lucro 10.4 bi USD e EBITDA 18.6 bi USD ref. publica"
PETROBRAS,2T2026,EBITDA_ADJ,18600,USD,USD_M,Release 2T26 DEMO,,0.6,demo
PETROBRAS,2T2026,NET_INCOME,10400,USD,USD_M,Release 2T26 DEMO,,0.6,demo
PETROBRAS,2T2026,NET_INCOME_ADJ,9800,USD,USD_M,Release 2T26 DEMO,,0.6,demo
PETROBRAS,2T2026,OCF,12800,USD,USD_M,Release 2T26 DEMO,,0.6,demo
PETROBRAS,2T2026,EMPLOYEES,45500,,HEADCOUNT,Release 2T26 DEMO,,0.6,demo
EQUINOR,4T2025,REVENUE,27100,USD,USD_M,Q4 2025 DEMO,,0.6,demo
EQUINOR,4T2025,EBITDA_ADJ,11200,USD,USD_M,Q4 2025 DEMO,,0.6,demo
EQUINOR,4T2025,NET_INCOME,3900,USD,USD_M,Q4 2025 DEMO,,0.6,demo
EQUINOR,4T2025,NET_INCOME_ADJ,3400,USD,USD_M,Q4 2025 DEMO,,0.6,demo
EQUINOR,4T2025,OCF,9800,USD,USD_M,Q4 2025 DEMO,,0.6,demo
EQUINOR,4T2025,EMPLOYEES,22800,,HEADCOUNT,Q4 2025 DEMO,,0.6,demo
EQUINOR,1T2026,REVENUE,26500,USD,USD_M,Q1 2026 DEMO,,0.6,demo
EQUINOR,1T2026,EBITDA_ADJ,10900,USD,USD_M,Q1 2026 DEMO,,0.6,demo
EQUINOR,1T2026,NET_INCOME,4100,USD,USD_M,Q1 2026 DEMO,,0.6,demo
EQUINOR,1T2026,NET_INCOME_ADJ,3500,USD,USD_M,Q1 2026 DEMO,,0.6,demo
EQUINOR,1T2026,OCF,9400,USD,USD_M,Q1 2026 DEMO,,0.6,demo
EQUINOR,1T2026,EMPLOYEES,22600,,HEADCOUNT,Q1 2026 DEMO,,0.6,demo
EQUINOR,2T2026,REVENUE,25800,USD,USD_M,Q2 2026 DEMO,,0.6,"demo; lucro 4.84 bi e ajustado 3.22 bi ref. publica"
EQUINOR,2T2026,EBITDA_ADJ,10500,USD,USD_M,Q2 2026 DEMO,,0.6,demo
EQUINOR,2T2026,NET_INCOME,4840,USD,USD_M,Q2 2026 DEMO,,0.6,demo
EQUINOR,2T2026,NET_INCOME_ADJ,3220,USD,USD_M,Q2 2026 DEMO,,0.6,demo
EQUINOR,2T2026,OCF,9100,USD,USD_M,Q2 2026 DEMO,,0.6,demo
EQUINOR,2T2026,EMPLOYEES,22400,,HEADCOUNT,Q2 2026 DEMO,,0.6,demo
SHELL,4T2025,REVENUE,87200,USD,USD_M,Q4 2025 DEMO,,0.6,demo
SHELL,4T2025,EBITDA_ADJ,19800,USD,USD_M,Q4 2025 DEMO,,0.6,demo
SHELL,4T2025,NET_INCOME,9500,USD,USD_M,Q4 2025 DEMO,,0.6,demo
SHELL,4T2025,NET_INCOME_ADJ,7200,USD,USD_M,Q4 2025 DEMO,,0.6,demo
SHELL,4T2025,OCF,18200,USD,USD_M,Q4 2025 DEMO,,0.6,demo
SHELL,4T2025,EMPLOYEES,103000,,HEADCOUNT,Q4 2025 DEMO,,0.6,demo
SHELL,1T2026,REVENUE,84100,USD,USD_M,Q1 2026 DEMO,,0.6,demo
SHELL,1T2026,EBITDA_ADJ,18900,USD,USD_M,Q1 2026 DEMO,,0.6,demo
SHELL,1T2026,NET_INCOME,8900,USD,USD_M,Q1 2026 DEMO,,0.6,demo
SHELL,1T2026,NET_INCOME_ADJ,6800,USD,USD_M,Q1 2026 DEMO,,0.6,demo
SHELL,1T2026,OCF,17100,USD,USD_M,Q1 2026 DEMO,,0.6,demo
SHELL,1T2026,EMPLOYEES,102000,,HEADCOUNT,Q1 2026 DEMO,,0.6,demo
SHELL,2T2026,REVENUE,86300,USD,USD_M,Q2 2026 DEMO,,0.6,"demo; lucro atribuivel 10.821 bi e EBITDA ajustado 20.71 bi ref. publica"
SHELL,2T2026,EBITDA_ADJ,20710,USD,USD_M,Q2 2026 DEMO,,0.6,demo
SHELL,2T2026,NET_INCOME,10821,USD,USD_M,Q2 2026 DEMO,,0.6,demo
SHELL,2T2026,NET_INCOME_ADJ,7300,USD,USD_M,Q2 2026 DEMO,,0.6,demo
SHELL,2T2026,OCF,17900,USD,USD_M,Q2 2026 DEMO,,0.6,demo
SHELL,2T2026,EMPLOYEES,101000,,HEADCOUNT,Q2 2026 DEMO,,0.6,demo
TOTALENERGIES,4T2025,REVENUE,56200,USD,USD_M,Q4 2025 DEMO,,0.6,demo
TOTALENERGIES,4T2025,EBITDA_ADJ,13400,USD,USD_M,Q4 2025 DEMO,,0.6,demo
TOTALENERGIES,4T2025,NET_INCOME,5400,USD,USD_M,Q4 2025 DEMO,,0.6,demo
TOTALENERGIES,4T2025,NET_INCOME_ADJ,5800,USD,USD_M,Q4 2025 DEMO,,0.6,demo
TOTALENERGIES,4T2025,OCF,11200,USD,USD_M,Q4 2025 DEMO,,0.6,demo
TOTALENERGIES,4T2025,EMPLOYEES,105000,,HEADCOUNT,Q4 2025 DEMO,,0.6,demo
TOTALENERGIES,1T2026,REVENUE,54800,USD,USD_M,Q1 2026 DEMO,,0.6,demo
TOTALENERGIES,1T2026,EBITDA_ADJ,12900,USD,USD_M,Q1 2026 DEMO,,0.6,demo
TOTALENERGIES,1T2026,NET_INCOME,5100,USD,USD_M,Q1 2026 DEMO,,0.6,demo
TOTALENERGIES,1T2026,NET_INCOME_ADJ,5600,USD,USD_M,Q1 2026 DEMO,,0.6,demo
TOTALENERGIES,1T2026,OCF,10800,USD,USD_M,Q1 2026 DEMO,,0.6,demo
TOTALENERGIES,1T2026,EMPLOYEES,104000,,HEADCOUNT,Q1 2026 DEMO,,0.6,demo
TOTALENERGIES,2T2026,REVENUE,55900,USD,USD_M,Q2 2026 DEMO,,0.6,"demo; lucro ajustado 6.0 bi ref. publica"
TOTALENERGIES,2T2026,EBITDA_ADJ,13200,USD,USD_M,Q2 2026 DEMO,,0.6,demo
TOTALENERGIES,2T2026,NET_INCOME,5700,USD,USD_M,Q2 2026 DEMO,,0.6,demo
TOTALENERGIES,2T2026,NET_INCOME_ADJ,6000,USD,USD_M,Q2 2026 DEMO,,0.6,demo
TOTALENERGIES,2T2026,OCF,11100,USD,USD_M,Q2 2026 DEMO,,0.6,demo
TOTALENERGIES,2T2026,EMPLOYEES,103500,,HEADCOUNT,Q2 2026 DEMO,,0.6,demo
