downloaded_at,company,source_id,source_name,url,local_path,sha256,size_bytes,content_type,status,authority
2026-10-03T15:07:56Z,TOTALENERGIES,TOTAL_RI,,https://totalenergies.com/system/files/documents/totalenergies_pr-results-2q26_2026_en.pdf,data\raw\TOTALENERGIES\INBOX\totalenergies_pr-results-2q26_2026_en.pdf,05cad9780fd9fb98d6f8cfd5801bde73ceca3bea76acda548be709be0c7213b1,989621,application/pdf,OK,UNKNOWN
2026-10-03T15:14:48Z,TOTALENERGIES,TOTAL_RI,,https://totalenergies.com/system/files/documents/2023-04/totalenergies-1q23-results.pdf,data\raw\TOTALENERGIES\QUARTERTEST\totalenergies-1q23-results.pdf,6c724747cc09b9abcdf4f6133fdd4476ca9c28ab5e9ede5e3383aec5cff530b7,1065913,application/pdf,OK,UNKNOWN
2026-10-03T15:14:48Z,TOTALENERGIES,TOTAL_RI,,https://totalenergies.com/sites/g/files/nytnzq121/files/documents/2023-07/2023-Jul-27-TotalEnergies_2Q23_conference_call_transcript.pdf,data\raw\TOTALENERGIES\QUARTERTEST\2023-Jul-27-TotalEnergies_2Q23_conference_call_transcript.pdf,c6a8b5159e870c3b92df85208e5fb142a23d2d7e363b27763c938f9710f1e471,380559,application/pdf,OK,UNKNOWN
2026-10-03T15:14:49Z,TOTALENERGIES,TOTAL_RI,,https://totalenergies.com/sites/g/files/nytnzq121/files/documents/2024-05/TotalEnergies_1Q24-conference-call-2024-Apr-29-transcript_PDF.pdf,data\raw\TOTALENERGIES\QUARTERTEST\TotalEnergies_1Q24-conference-call-2024-Apr-29-transcript_PDF.pdf,955b6614ecbbcc7c452b95130ffd2fa05f338ebfed08314c66fa04ea7a51de85,393304,application/pdf,OK,UNKNOWN
2026-10-03T15:14:49Z,TOTALENERGIES,TOTAL_RI,,https://totalenergies.com/sites/g/files/nytnzq121/files/documents/2024-07/TotalEnergies_2Q24_conference_call_transcript_pdf_1.pdf,data\raw\TOTALENERGIES\QUARTERTEST\TotalEnergies_2Q24_conference_call_transcript_pdf_1.pdf,8a7fd76a0e3945833289538f6f88d6ada8fa6851211161e03d89f0dc59912812,253870,application/pdf,OK,UNKNOWN
2026-10-03T15:14:50Z,TOTALENERGIES,TOTAL_RI,,https://totalenergies.com/system/files/documents/2024-04/totalenergies_pr-results-q1-2024_2024_en_pdf.pdf,data\raw\TOTALENERGIES\QUARTERTEST\totalenergies_pr-results-q1-2024_2024_en_pdf.pdf,66596dd34d37710d3af1a2421976a5292b8b9ec8d3bd35960581c0b8fad064e8,944881,application/pdf,OK,UNKNOWN
2026-10-03T15:14:52Z,TOTALENERGIES,TOTAL_RI,,https://totalenergies.com/system/files/documents/2024-07/totalenergies_Dividende-2T24_en_pdf.pdf,data\raw\TOTALENERGIES\QUARTERTEST\totalenergies_Dividende-2T24_en_pdf.pdf,9dab5b48d8f688715bcd311095b931b41783867b86e10642726a359089236dfb,223454,application/pdf,OK,UNKNOWN
2026-10-03T15:14:53Z,TOTALENERGIES,TOTAL_RI,,https://totalenergies.com/system/files/documents/totalenergies_pr-results-q3-2024_2024_en_pdf.pdf,data\raw\TOTALENERGIES\QUARTERTEST\totalenergies_pr-results-q3-2024_2024_en_pdf.pdf,0c1f7ddbd6e926a57bbd5e6dbec68189efc7d4c0b0eb04f05965af7e81f9fcab,1069626,application/pdf,OK,UNKNOWN
2026-10-03T15:14:54Z,TOTALENERGIES,TOTAL_RI,,https://totalenergies.com/sites/g/files/nytnzq121/files/documents/totalenergies_2q2025-results-transcript_2025_en.pdf,data\raw\TOTALENERGIES\QUARTERTEST\totalenergies_2q2025-results-transcript_2025_en.pdf,c0014af5926c066634716842fc6c1dad30d07c7c92147b14820c51f2d4e1663c,401380,application/pdf,OK,UNKNOWN
2026-10-03T15:14:55Z,TOTALENERGIES,TOTAL_RI,,https://totalenergies.com/sites/g/files/nytnzq121/files/documents/totalenergies_3q2025-results-transcript_2025_en.pdf,data\raw\TOTALENERGIES\QUARTERTEST\totalenergies_3q2025-results-transcript_2025_en.pdf,8cbde1e745221477814e358f97b8d2af87c35455b37309b142d37f61645a134e,380643,application/pdf,OK,UNKNOWN
2026-10-03T15:14:57Z,TOTALENERGIES,TOTAL_RI,,https://totalenergies.com/system/files/documents/totalenergies_2Q25-results-press-release_2025_en.pdf,data\raw\TOTALENERGIES\QUARTERTEST\totalenergies_2Q25-results-press-release_2025_en.pdf,edd0180ccb52533dee4fa09e4ecb65c59bb0bd860b8cc19342e7ba09cb9fea4f,1957503,application/pdf,OK,UNKNOWN
2026-10-03T15:14:58Z,TOTALENERGIES,TOTAL_RI,,https://totalenergies.com/system/files/documents/totalenergies_pr-results-3q25_2025_en.pdf,data\raw\TOTALENERGIES\QUARTERTEST\totalenergies_pr-results-3q25_2025_en.pdf,860e2301433404835d8ea5689eb9413a1b2fa19e2304fe81d1aba9dba02ff837,1040635,application/pdf,OK,UNKNOWN
2026-10-03T15:14:59Z,TOTALENERGIES,TOTAL_RI,,https://totalenergies.com/system/files/documents/totalenergies_pr-results-q4-2025_2026_en.pdf,data\raw\TOTALENERGIES\QUARTERTEST\totalenergies_pr-results-q4-2025_2026_en.pdf,e339b5d433a3a525de66b7465354a918f914bbd254fcbb0e0450937fc88473a7,1160660,application/pdf,OK,UNKNOWN
2026-10-03T15:15:00Z,TOTALENERGIES,TOTAL_RI,,https://totalenergies.com/system/files/documents/totalenergies_1q26-results-press-release_2026.pdf,data\raw\TOTALENERGIES\QUARTERTEST\totalenergies_1q26-results-press-release_2026.pdf,eb476f097d6722cc743c96ae5c8fc89ce770e0e61c5ea2d84f1b05306451d1e1,952582,application/pdf,OK,UNKNOWN
2026-10-03T15:15:01Z,TOTALENERGIES,TOTAL_RI,,https://totalenergies.com/system/files/documents/totalenergies_pr-results-2q26_2026_en.pdf,data\raw\TOTALENERGIES\QUARTERTEST\totalenergies_pr-results-2q26_2026_en.pdf,05cad9780fd9fb98d6f8cfd5801bde73ceca3bea76acda548be709be0c7213b1,989621,application/pdf,OK,UNKNOWN
